A554;24/02/2026
Q670;31/12/2027
L797;10/04/2027
S673;19/02/2028
P885;26/04/2028
L976;26/10/2027
B835;08/08/2028
E613;04/04/2028
Z557;31/03/2028
M112;11/10/2028
D445;13/05/2028
S957;16/12/2026
B265;25/12/2025
P555;21/07/2027
D823;21/04/2028
Q178;10/05/2026
C102;07/03/2028
F894;30/05/2029
F246;26/10/2028
C494;23/06/2026
U982;02/08/2028
Y195;27/03/2029
Z109;10/09/2028
I105;27/12/2027
L390;31/05/2027
I067;18/02/2026
N023;12/11/2028
V999;31/01/2026
X080;04/12/2025
V477;21/09/2028
B148;27/12/2026
Z018;17/01/2029
V411;28/03/2026
R300;23/02/2028
K985;14/01/2026
E622;11/10/2028
R019;07/12/2026
M934;05/01/2026
C635;13/06/2028
R333;14/01/2029
U372;09/09/2028
H925;31/07/2027
Y291;01/06/2026
F333;13/04/2028
C965;19/12/2028
O608;06/12/2025
P075;03/06/2026
Z666;10/05/2026
Y795;24/12/2025
G628;26/04/2027
Z688;23/06/2026
K095;02/02/2027
H053;30/09/2026
M981;31/01/2026
D098;23/06/2027
N989;31/05/2026
P044;22/10/2026
I750;30/04/2027
X573;03/08/2027
I617;21/03/2026
P727;03/06/2028
H156;06/11/2028
O114;16/03/2027
L757;05/06/2027
H927;29/07/2027
E909;31/07/2028
D105;26/03/2026
H707;17/06/2026
M116;03/01/2026
S207;19/12/2027
U007;18/01/2028
B276;16/05/2029
S426;18/09/2026
A065;21/12/2025
X510;12/02/2027
T250;29/10/2026
Q986;08/10/2027
Q815;16/07/2026
X552;19/12/2028
D578;27/01/2029
W054;11/02/2029
A454;31/03/2029
K951;30/06/2029
F269;11/01/2027
H902;29/05/2027
R237;18/02/2027
U010;25/10/2028
W210;22/01/2027
V178;19/03/2027
V995;08/05/2029
N424;24/11/2027
F506;02/11/2027
N250;03/09/2028
S866;14/05/2028
A780;07/12/2028
E364;15/04/2026
H582;15/10/2027
U367;03/07/2027
P827;08/03/2027
R143;18/04/2027
L278;13/04/2029
M905;14/04/2028
U949;01/09/2027
B102;27/04/2027
C337;23/07/2026
T444;23/07/2028
O685;18/03/2027
T596;03/02/2026
I806;19/07/2028
Q993;12/07/2027
G073;25/07/2027
V454;18/03/2027
D769;05/05/2028
R397;24/04/2026
B727;29/01/2026
F716;30/07/2028
X537;06/02/2028
D630;09/10/2027
Z975;28/10/2026
G777;06/01/2029
D201;18/02/2026
L100;29/03/2027
E258;02/06/2029
C699;18/04/2027
E073;11/08/2027
K592;16/05/2028
D094;03/02/2028
X090;15/02/2029
H146;02/04/2026
Q595;20/11/2027
A247;16/01/2029
D796;21/07/2027
S078;31/10/2028
B716;17/08/2028
C502;03/07/2028
K382;04/07/2026
U816;13/08/2028
K358;31/01/2029
P531;22/01/2027
J960;11/04/2028
T967;08/02/2027
X574;28/09/2027
C819;14/12/2028
I735;07/08/2027
K318;24/02/2026
I023;12/06/2027
C918;15/01/2026
Q246;11/03/2028
N246;05/06/2026
F701;07/12/2028
E422;29/07/2028
U274;15/04/2027
D215;02/07/2028
Z323;12/09/2027
W510;21/06/2028
C783;07/04/2029
S237;07/07/2027
C052;28/03/2028
F058;06/10/2027
S720;04/05/2026
D882;26/05/2027
X032;18/04/2028
H680;20/04/2028
Z710;11/02/2029
Z912;29/04/2026
K798;13/08/2028
C839;29/03/2028
O239;09/08/2027
X470;02/10/2026
L574;09/07/2028
X483;21/02/2029
C261;25/06/2026
E322;01/06/2028
O692;17/05/2029
Q636;19/08/2027
V256;07/10/2026
H769;16/08/2026
F022;29/02/2028
L080;09/03/2027
B512;20/01/2029
H080;04/04/2028
Z344;20/12/2025
H158;28/06/2029
K059;31/12/2026
L923;08/12/2025
N561;25/04/2028
A467;07/06/2029
U994;03/11/2026
P392;02/01/2026
I461;15/06/2027
S354;05/12/2025
M290;28/02/2026
A209;11/05/2028
C300;23/09/2028
I242;14/09/2026
T259;27/02/2027
F799;26/03/2027
F163;21/06/2026
M557;04/08/2027
M475;22/02/2028
Q203;11/11/2027
V911;15/06/2028
X208;06/04/2027
X909;18/07/2028
Q493;06/06/2028
U708;01/12/2028
Q168;21/04/2029
V835;07/12/2028
A618;04/05/2029
A046;18/01/2028
Y749;26/07/2028
U835;18/07/2028
V331;12/09/2028
Q275;22/09/2028
B406;25/12/2027
U126;10/07/2027
V898;12/12/2025
I623;01/12/2026
Y981;18/05/2026
G152;29/07/2028
K916;22/02/2026
O230;21/02/2028
U103;28/12/2026
J047;30/05/2029
C314;06/11/2028
B353;09/12/2025
R901;20/02/2027
G665;10/04/2029
J482;16/05/2029
U133;05/03/2027
X085;31/01/2027
A767;01/12/2026
A264;04/12/2025
P790;22/10/2028
C148;13/05/2027
E644;31/12/2026
B039;06/05/2026
G085;05/03/2027
B841;25/03/2029
S789;31/12/2026
W025;05/01/2029
F845;12/07/2027
D037;14/06/2026
D311;08/08/2028
C899;13/03/2029
Y031;24/07/2026
E021;31/07/2027
I115;18/11/2026
M930;02/03/2027
N948;12/11/2028
Q871;03/12/2027
B460;11/05/2028
J137;01/03/2028
V834;07/11/2028
S541;17/05/2029
Z003;03/04/2029
J244;26/01/2029
W826;06/04/2026
T332;12/06/2029
O383;19/03/2027
N474;08/09/2028
T300;04/07/2027
X986;22/06/2029
T397;04/03/2028
U784;06/08/2026
R027;19/12/2028
E636;25/10/2026
K661;28/05/2026
O539;25/09/2027
D173;16/02/2029
J313;01/11/2028
D846;13/06/2026
C272;28/02/2028
H010;11/12/2026
O207;05/08/2026
R475;22/11/2027
C339;29/07/2026
U922;15/02/2029
H241;14/04/2028
A110;08/07/2026
J454;25/05/2029
C297;15/06/2028
W701;09/02/2028
M950;13/07/2026
F204;15/12/2025
F249;02/07/2028
R982;20/05/2029
D229;31/05/2026
A036;10/08/2028
Y224;10/05/2027
J411;15/07/2028
R275;31/05/2029
N083;01/10/2027
M680;16/08/2026
L302;25/09/2026
I225;14/07/2027
B211;09/12/2028
M559;17/04/2028
I421;19/07/2026
R878;15/10/2028
Z014;26/01/2027
I371;12/09/2026
J839;14/05/2028
K976;25/02/2027
J082;25/10/2026
T988;06/03/2027
E470;20/11/2028
B056;10/12/2027
O047;16/04/2028
W940;23/03/2026
K240;31/05/2028
E140;08/08/2026
F710;29/11/2027
G781;30/09/2026
O715;22/10/2026
L326;05/03/2029
X270;17/09/2028
L332;30/06/2029
I842;21/12/2025
H424;16/05/2029
K495;01/09/2026
U085;29/12/2028
N646;13/01/2027
G303;24/10/2028
L611;01/07/2027
M271;13/03/2027
M743;02/02/2029
I881;16/12/2027
B666;18/10/2026
N982;17/07/2026
T082;23/01/2028
D905;03/07/2028
S094;18/03/2026
D939;06/12/2027
G724;03/02/2027
W759;26/02/2027
C983;27/02/2027
L131;17/03/2027
U198;15/08/2028
V449;27/01/2026
V754;30/05/2027
R304;14/10/2028
G544;14/07/2027
A470;03/11/2027
X193;06/02/2028
F952;24/09/2026
D872;19/06/2029
G714;17/02/2026
F362;10/05/2026
B488;02/07/2028
R742;20/10/2028
E876;01/05/2028
P309;10/09/2027
Q144;07/02/2027
A123;17/02/2027
Q892;25/07/2027
X435;15/06/2029
F031;11/12/2025
C590;19/12/2027
O901;28/05/2026
J526;20/10/2028
U460;17/11/2026
X332;28/02/2027
E239;30/07/2026
H322;29/03/2029
I046;18/11/2026
E936;25/07/2028
A960;10/02/2026
E038;23/05/2026
B818;04/10/2026
N192;29/03/2028
H098;04/06/2028
R942;15/07/2027
E057;12/05/2027
D533;25/06/2027
B307;12/11/2027
N434;16/01/2027
K595;22/06/2029
I318;14/02/2026
F202;03/07/2029
Z056;05/01/2027
C596;16/08/2026
D567;16/04/2026
C284;06/03/2029
G265;10/09/2027
R810;05/09/2026
V797;16/03/2026
G762;01/06/2027
A063;07/11/2026
I202;03/03/2029
R500;28/06/2029
T461;30/09/2028
S634;20/05/2027
P687;21/12/2028
J603;19/03/2027
X314;03/12/2028
B019;31/01/2028
H370;28/04/2028
G694;25/05/2027
V711;18/02/2028
N291;03/02/2028
A077;25/12/2026
U130;07/01/2027
Y516;27/12/2026
S943;14/11/2027
U188;28/12/2025
P917;12/02/2029
D978;22/06/2028
L251;01/03/2029
E051;25/09/2027
R384;02/06/2026
L725;23/02/2026
H556;19/01/2028
O201;30/12/2025
R960;05/07/2027
W392;21/12/2027
N010;19/04/2029
D400;13/10/2028
H068;24/06/2029
X213;08/10/2027
S680;30/11/2025
R752;24/02/2029
D660;16/10/2028
N870;15/01/2027
O876;17/11/2026
K196;24/07/2027
Z624;09/09/2027
S126;11/11/2026
I975;27/01/2028
Q795;12/06/2029
Z773;02/06/2029
B903;04/10/2028
H473;06/03/2027
L222;24/06/2028
H630;29/12/2027
O850;02/05/2028
L458;10/05/2028
E188;23/01/2027
Z504;04/08/2026
O561;08/02/2029
W229;07/07/2027
U630;11/02/2029
T952;20/01/2026
P105;15/12/2026
P139;08/01/2026
O520;21/12/2025
Q789;19/09/2027
D788;19/04/2027
F675;02/01/2029
K218;15/09/2028
U347;02/06/2027
F405;21/09/2028
G627;20/06/2029
O994;29/04/2027
H588;08/10/2027
B309;18/04/2029
C472;10/01/2026
X653;02/01/2029
E030;20/07/2027
Z141;11/12/2027
E779;05/02/2029
Q102;12/09/2026
H165;09/01/2029
B747;28/03/2028
X043;02/04/2029
K136;20/06/2026
R735;05/08/2028
G712;14/08/2026
Y426;04/12/2028
C770;09/04/2028
C311;07/10/2026
G256;28/01/2027
Z050;20/06/2028
T767;07/01/2029
H204;17/12/2028
T721;01/02/2026
Q104;26/11/2026
C508;08/05/2028
O607;10/04/2028
J480;11/07/2028
J001;30/01/2026
H620;26/09/2028
M662;13/04/2026
V310;14/09/2026
I350;14/01/2029
E933;05/05/2028
G548;26/07/2026
U908;29/11/2026
F465;14/04/2029
A722;19/03/2029
L274;12/05/2026
N727;27/10/2027
C867;29/05/2027
X412;02/03/2028
J745;08/11/2026
M371;08/08/2027
Z825;22/02/2028
J573;05/09/2027
E826;03/01/2027
I263;26/09/2027
